{"cameraMode":{"drawMode":0,"name":"Shaded","section":"Shading Mode"},"sceneLighting":true,"audioPlay":false,"sceneViewState":{"showFog":true,"showMaterialUpdate":false,"showSkybox":true,"showFlares":true,"showImageEffects":true,"showParticleSystems":true},"in2DMode":false,"pivot":{"x":1.2772397994995118,"y":-1.5332117080688477,"z":-4.762018203735352},"rotation":{"x":-0.0016449849354103208,"y":0.9574213027954102,"z":-0.2886388897895813,"w":-0.005456395447254181},"size":7.209357261657715,"orthographic":false}