{"cameraMode":{"drawMode":0,"name":"Shaded","section":"Shading Mode"},"sceneLighting":true,"audioPlay":false,"sceneViewState":{"showFog":true,"showMaterialUpdate":false,"showSkybox":true,"showFlares":true,"showImageEffects":true,"showParticleSystems":true},"in2DMode":false,"pivot":{"x":-0.47577476501464846,"y":1.0053057670593262,"z":1.318389892578125},"rotation":{"x":-0.09581150859594345,"y":0.8666732907295227,"z":-0.18283195793628694,"w":-0.45417672395706179},"size":4.178085803985596,"orthographic":false}