{"cameraMode":{"drawMode":0,"name":"Shaded","section":"Shading Mode"},"sceneLighting":true,"audioPlay":false,"sceneViewState":{"showFog":true,"showMaterialUpdate":false,"showSkybox":true,"showFlares":true,"showImageEffects":true,"showParticleSystems":true},"in2DMode":false,"pivot":{"x":1.089923620223999,"y":-1.5980467796325684,"z":-0.1304466724395752},"rotation":{"x":-0.03623448312282562,"y":0.8124091625213623,"z":-0.5797521471977234,"w":-0.05074869841337204},"size":4.166028022766113,"orthographic":false}